Source,Target,Link
Bretigny,1,Bretigny#1
Cavaillon,1,Cavaillon#1
Monteux,1,Monteux#1
Rumilly,1,Rumilly#1
Macon,1,Macon#1
Corbas,1,Corbas#1
StQuentinChesnes,1,StQuentinChesnes#1
StQuentinTotem,1,StQuentinTotem#1
Volvic,1,Volvic#1
Badoit,1,Badoit#1
Evian,1,Evian#1
Amberieu,1,Amberieu#1
Salvetat,1,Salvetat#1
Volvic,2,Volvic#2
Badoit,3,Badoit#3
Evian,3,Evian#3
Macon,3,Macon#3
Rumilly,3,Rumilly#3
StQuentinChesnes,3,StQuentinChesnes#3
StQuentinTotem,3,StQuentinTotem#3
Amberieu,3,Amberieu#3
Salvetat,3,Salvetat#3
Volvic,3,Volvic#3
Corbas,3,Corbas#3
Amberieu,6,Amberieu#6
Badoit,6,Badoit#6
Volvic,7,Volvic#7
Rumilly,10,Rumilly#10
Badoit,10,Badoit#10
Bretigny,10,Bretigny#10
Corbas,10,Corbas#10
Macon,10,Macon#10
Volvic,10,Volvic#10
StQuentinChesnes,10,StQuentinChesnes#10
StQuentinTotem,10,StQuentinTotem#10
Salvetat,10,Salvetat#10
Amberieu,10,Amberieu#10
Evian,10,Evian#10
Vinay,10,Vinay#10
Vinay,13,Vinay#13
Bretigny,13,Bretigny#13
Macon,13,Macon#13
Rumilly,13,Rumilly#13
Cavaillon,13,Cavaillon#13
Monteux,13,Monteux#13
StQuentinChesnes,13,StQuentinChesnes#13
StQuentinTotem,13,StQuentinTotem#13
Corbas,13,Corbas#13
Badoit,13,Badoit#13
Evian,13,Evian#13
Volvic,13,Volvic#13
Salvetat,13,Salvetat#13
Amberieu,13,Amberieu#13
Amberieu,14,Amberieu#14
StQuentinChesnes,14,StQuentinChesnes#14
StQuentinTotem,14,StQuentinTotem#14
Badoit,14,Badoit#14
Macon,14,Macon#14
Rennes,14,Rennes#14
Salvetat,14,Salvetat#14
Rumilly,14,Rumilly#14
Evian,14,Evian#14
Volvic,14,Volvic#14
Bretigny,14,Bretigny#14
Corbas,14,Corbas#14
StQuentinChesnes,16,StQuentinChesnes#16
StQuentinTotem,16,StQuentinTotem#16
Cavaillon,16,Cavaillon#16
Corbas,16,Corbas#16
Grisolles,16,Grisolles#16
Macon,16,Macon#16
Monteux,16,Monteux#16
Rumilly,16,Rumilly#16
Bretigny,16,Bretigny#16
Amberieu,16,Amberieu#16
Badoit,16,Badoit#16
Salvetat,16,Salvetat#16
Volvic,16,Volvic#16
Evian,16,Evian#16
Badoit,17,Badoit#17
Evian,17,Evian#17
StQuentinChesnes,17,StQuentinChesnes#17
StQuentinTotem,17,StQuentinTotem#17
Bretigny,17,Bretigny#17
Salvetat,17,Salvetat#17
Volvic,17,Volvic#17
Amberieu,17,Amberieu#17
Grisolles,17,Grisolles#17
Macon,17,Macon#17
Rumilly,17,Rumilly#17
Corbas,18,Corbas#18
Bretigny,18,Bretigny#18
Macon,18,Macon#18
Rumilly,18,Rumilly#18
StQuentinChesnes,18,StQuentinChesnes#18
StQuentinTotem,18,StQuentinTotem#18
Amberieu,18,Amberieu#18
Badoit,18,Badoit#18
Evian,18,Evian#18
Salvetat,18,Salvetat#18
Volvic,18,Volvic#18
StQuentinChesnes,19,StQuentinChesnes#19
StQuentinTotem,19,StQuentinTotem#19
Rumilly,19,Rumilly#19
Amberieu,19,Amberieu#19
Bretigny,19,Bretigny#19
Corbas,19,Corbas#19
Evian,19,Evian#19
Salvetat,19,Salvetat#19
Volvic,19,Volvic#19
Grisolles,19,Grisolles#19
Badoit,19,Badoit#19
Macon,19,Macon#19
Amberieu,21,Amberieu#21
Corbas,21,Corbas#21
Evian,21,Evian#21
Volvic,21,Volvic#21
StQuentinChesnes,21,StQuentinChesnes#21
StQuentinTotem,21,StQuentinTotem#21
Badoit,21,Badoit#21
Salvetat,21,Salvetat#21
Rumilly,21,Rumilly#21
Corbas,22,Corbas#22
Macon,22,Macon#22
StQuentinChesnes,22,StQuentinChesnes#22
StQuentinTotem,22,StQuentinTotem#22
Rumilly,22,Rumilly#22
Amberieu,22,Amberieu#22
Rennes,22,Rennes#22
Evian,22,Evian#22
Badoit,22,Badoit#22
Salvetat,22,Salvetat#22
Volvic,22,Volvic#22
Bretigny,22,Bretigny#22
Amberieu,24,Amberieu#24
Macon,25,Macon#25
Salvetat,25,Salvetat#25
Badoit,25,Badoit#25
Bretigny,25,Bretigny#25
Rumilly,25,Rumilly#25
StQuentinChesnes,25,StQuentinChesnes#25
StQuentinTotem,25,StQuentinTotem#25
Evian,25,Evian#25
Volvic,25,Volvic#25
Amberieu,25,Amberieu#25
Corbas,25,Corbas#25
Macon,26,Macon#26
Rumilly,26,Rumilly#26
Amberieu,26,Amberieu#26
Bretigny,26,Bretigny#26
Evian,26,Evian#26
StQuentinChesnes,26,StQuentinChesnes#26
StQuentinTotem,26,StQuentinTotem#26
Salvetat,26,Salvetat#26
Volvic,26,Volvic#26
Badoit,26,Badoit#26
StQuentinChesnes,27,StQuentinChesnes#27
StQuentinTotem,27,StQuentinTotem#27
Macon,27,Macon#27
Rumilly,27,Rumilly#27
Santes,27,Santes#27
Amberieu,27,Amberieu#27
Rennes,27,Rennes#27
Evian,27,Evian#27
Salvetat,27,Salvetat#27
Volvic,27,Volvic#27
Badoit,27,Badoit#27
Bretigny,27,Bretigny#27
Corbas,27,Corbas#27
Evian,28,Evian#28
Amberieu,28,Amberieu#28
Volvic,28,Volvic#28
Bretigny,28,Bretigny#28
Salvetat,28,Salvetat#28
Badoit,28,Badoit#28
Macon,28,Macon#28
Rumilly,28,Rumilly#28
Evian,29,Evian#29
Volvic,29,Volvic#29
Bretigny,29,Bretigny#29
Rennes,29,Rennes#29
Rumilly,29,Rumilly#29
Salvetat,29,Salvetat#29
Rumilly,30,Rumilly#30
Corbas,30,Corbas#30
StQuentinChesnes,30,StQuentinChesnes#30
StQuentinTotem,30,StQuentinTotem#30
Bretigny,30,Bretigny#30
Cavaillon,30,Cavaillon#30
Monteux,30,Monteux#30
Badoit,30,Badoit#30
Volvic,30,Volvic#30
Amberieu,30,Amberieu#30
Evian,30,Evian#30
Salvetat,30,Salvetat#30
Macon,30,Macon#30
Rumilly,31,Rumilly#31
Bretigny,31,Bretigny#31
Cavaillon,31,Cavaillon#31
Monteux,31,Monteux#31
StQuentinChesnes,31,StQuentinChesnes#31
StQuentinTotem,31,StQuentinTotem#31
Badoit,31,Badoit#31
Evian,31,Evian#31
Macon,31,Macon#31
Amberieu,31,Amberieu#31
Salvetat,31,Salvetat#31
Grisolles,31,Grisolles#31
Volvic,31,Volvic#31
Corbas,31,Corbas#31
Macon,33,Macon#33
Cavaillon,33,Cavaillon#33
Monteux,33,Monteux#33
Rumilly,33,Rumilly#33
Badoit,33,Badoit#33
Bretigny,33,Bretigny#33
Corbas,33,Corbas#33
StQuentinChesnes,33,StQuentinChesnes#33
StQuentinTotem,33,StQuentinTotem#33
Amberieu,33,Amberieu#33
Salvetat,33,Salvetat#33
Evian,33,Evian#33
Grisolles,33,Grisolles#33
Volvic,33,Volvic#33
Rumilly,34,Rumilly#34
Macon,34,Macon#34
Bretigny,34,Bretigny#34
Cavaillon,34,Cavaillon#34
Monteux,34,Monteux#34
Corbas,34,Corbas#34
StQuentinChesnes,34,StQuentinChesnes#34
StQuentinTotem,34,StQuentinTotem#34
Evian,34,Evian#34
Amberieu,34,Amberieu#34
Badoit,34,Badoit#34
Volvic,34,Volvic#34
Grisolles,34,Grisolles#34
Salvetat,34,Salvetat#34
Amberieu,35,Amberieu#35
Corbas,35,Corbas#35
Macon,35,Macon#35
StQuentinChesnes,35,StQuentinChesnes#35
StQuentinTotem,35,StQuentinTotem#35
Badoit,35,Badoit#35
Evian,35,Evian#35
Rennes,35,Rennes#35
Bretigny,35,Bretigny#35
Salvetat,35,Salvetat#35
Volvic,35,Volvic#35
Rumilly,35,Rumilly#35
Amberieu,36,Amberieu#36
Bretigny,36,Bretigny#36
Rumilly,37,Rumilly#37
Bretigny,37,Bretigny#37
Corbas,37,Corbas#37
Macon,37,Macon#37
Rennes,37,Rennes#37
StQuentinChesnes,37,StQuentinChesnes#37
StQuentinTotem,37,StQuentinTotem#37
Amberieu,37,Amberieu#37
Salvetat,37,Salvetat#37
Evian,37,Evian#37
Volvic,37,Volvic#37
Badoit,37,Badoit#37
Macon,38,Macon#38
Rumilly,38,Rumilly#38
Corbas,38,Corbas#38
Cavaillon,38,Cavaillon#38
Monteux,38,Monteux#38
Vinay,38,Vinay#38
StQuentinChesnes,38,StQuentinChesnes#38
StQuentinTotem,38,StQuentinTotem#38
Badoit,38,Badoit#38
Bretigny,38,Bretigny#38
Salvetat,38,Salvetat#38
Volvic,38,Volvic#38
Evian,38,Evian#38
Amberieu,38,Amberieu#38
StQuentinChesnes,39,StQuentinChesnes#39
StQuentinTotem,39,StQuentinTotem#39
Bretigny,39,Bretigny#39
Amberieu,39,Amberieu#39
Corbas,39,Corbas#39
Badoit,39,Badoit#39
Volvic,39,Volvic#39
Evian,39,Evian#39
Salvetat,39,Salvetat#39
Macon,39,Macon#39
Rumilly,39,Rumilly#39
Corbas,40,Corbas#40
Macon,40,Macon#40
StQuentinChesnes,40,StQuentinChesnes#40
StQuentinTotem,40,StQuentinTotem#40
Rumilly,40,Rumilly#40
Evian,40,Evian#40
Amberieu,40,Amberieu#40
Badoit,40,Badoit#40
Volvic,40,Volvic#40
Bretigny,40,Bretigny#40
Salvetat,40,Salvetat#40
Grisolles,40,Grisolles#40
Volvic,41,Volvic#41
Bretigny,42,Bretigny#42
StQuentinChesnes,42,StQuentinChesnes#42
StQuentinTotem,42,StQuentinTotem#42
Corbas,42,Corbas#42
Macon,42,Macon#42
Vinay,42,Vinay#42
Volvic,42,Volvic#42
Salvetat,42,Salvetat#42
Amberieu,42,Amberieu#42
Badoit,42,Badoit#42
Evian,42,Evian#42
Rumilly,42,Rumilly#42
Macon,44,Macon#44
Rennes,44,Rennes#44
StQuentinChesnes,44,StQuentinChesnes#44
StQuentinTotem,44,StQuentinTotem#44
Rumilly,44,Rumilly#44
Evian,44,Evian#44
Badoit,44,Badoit#44
Amberieu,44,Amberieu#44
Salvetat,44,Salvetat#44
Volvic,44,Volvic#44
Bretigny,44,Bretigny#44
Corbas,44,Corbas#44
Vinay,44,Vinay#44
Rumilly,45,Rumilly#45
StQuentinChesnes,45,StQuentinChesnes#45
StQuentinTotem,45,StQuentinTotem#45
Corbas,45,Corbas#45
Macon,45,Macon#45
Vinay,45,Vinay#45
Amberieu,45,Amberieu#45
Volvic,45,Volvic#45
Bretigny,45,Bretigny#45
Evian,45,Evian#45
Salvetat,45,Salvetat#45
Badoit,45,Badoit#45
Corbas,49,Corbas#49
Rennes,49,Rennes#49
Rumilly,49,Rumilly#49
StQuentinChesnes,49,StQuentinChesnes#49
StQuentinTotem,49,StQuentinTotem#49
Amberieu,49,Amberieu#49
Badoit,49,Badoit#49
Evian,49,Evian#49
Volvic,49,Volvic#49
Salvetat,49,Salvetat#49
Bretigny,49,Bretigny#49
Macon,49,Macon#49
Macon,51,Macon#51
Rennes,51,Rennes#51
Vinay,51,Vinay#51
Rumilly,51,Rumilly#51
StQuentinChesnes,51,StQuentinChesnes#51
StQuentinTotem,51,StQuentinTotem#51
Corbas,51,Corbas#51
Amberieu,51,Amberieu#51
Badoit,51,Badoit#51
Evian,51,Evian#51
Salvetat,51,Salvetat#51
Volvic,51,Volvic#51
Bretigny,51,Bretigny#51
Badoit,54,Badoit#54
Rumilly,54,Rumilly#54
StQuentinChesnes,54,StQuentinChesnes#54
StQuentinTotem,54,StQuentinTotem#54
Bretigny,54,Bretigny#54
Evian,54,Evian#54
Salvetat,54,Salvetat#54
Amberieu,54,Amberieu#54
Volvic,54,Volvic#54
Macon,54,Macon#54
Corbas,55,Corbas#55
StQuentinChesnes,55,StQuentinChesnes#55
StQuentinTotem,55,StQuentinTotem#55
Macon,55,Macon#55
Badoit,55,Badoit#55
Rumilly,55,Rumilly#55
Bretigny,55,Bretigny#55
Salvetat,55,Salvetat#55
Evian,55,Evian#55
Amberieu,55,Amberieu#55
Volvic,55,Volvic#55
Vinay,55,Vinay#55
Badoit,56,Badoit#56
Bretigny,56,Bretigny#56
Evian,56,Evian#56
Volvic,56,Volvic#56
Salvetat,56,Salvetat#56
Rennes,56,Rennes#56
Rumilly,56,Rumilly#56
StQuentinChesnes,57,StQuentinChesnes#57
StQuentinTotem,57,StQuentinTotem#57
Bretigny,57,Bretigny#57
Salvetat,57,Salvetat#57
Rumilly,57,Rumilly#57
Badoit,57,Badoit#57
Macon,57,Macon#57
Volvic,57,Volvic#57
Evian,57,Evian#57
Amberieu,57,Amberieu#57
Corbas,57,Corbas#57
Vinay,57,Vinay#57
Volvic,58,Volvic#58
Cavaillon,59,Cavaillon#59
Corbas,59,Corbas#59
Monteux,59,Monteux#59
Santes,59,Santes#59
Amberieu,59,Amberieu#59
Rumilly,59,Rumilly#59
StQuentinChesnes,59,StQuentinChesnes#59
StQuentinTotem,59,StQuentinTotem#59
Salvetat,59,Salvetat#59
Evian,59,Evian#59
Rennes,59,Rennes#59
Badoit,59,Badoit#59
Bretigny,59,Bretigny#59
Volvic,59,Volvic#59
Vinay,59,Vinay#59
Evian,60,Evian#60
Salvetat,60,Salvetat#60
Amberieu,60,Amberieu#60
Volvic,60,Volvic#60
Badoit,60,Badoit#60
Bretigny,60,Bretigny#60
Rumilly,60,Rumilly#60
Corbas,62,Corbas#62
Macon,62,Macon#62
Santes,62,Santes#62
Rumilly,62,Rumilly#62
Amberieu,62,Amberieu#62
StQuentinChesnes,62,StQuentinChesnes#62
StQuentinTotem,62,StQuentinTotem#62
Salvetat,62,Salvetat#62
Evian,62,Evian#62
Badoit,62,Badoit#62
Volvic,62,Volvic#62
Bretigny,62,Bretigny#62
Vinay,62,Vinay#62
StQuentinChesnes,63,StQuentinChesnes#63
StQuentinTotem,63,StQuentinTotem#63
Badoit,63,Badoit#63
Bretigny,63,Bretigny#63
Macon,63,Macon#63
Rumilly,63,Rumilly#63
Amberieu,63,Amberieu#63
Evian,63,Evian#63
Salvetat,63,Salvetat#63
Volvic,63,Volvic#63
Amberieu,66,Amberieu#66
Bretigny,67,Bretigny#67
Macon,67,Macon#67
StQuentinChesnes,67,StQuentinChesnes#67
Vinay,67,Vinay#67
StQuentinTotem,67,StQuentinTotem#67
Rumilly,67,Rumilly#67
Corbas,67,Corbas#67
Badoit,67,Badoit#67
Salvetat,67,Salvetat#67
Evian,67,Evian#67
Amberieu,67,Amberieu#67
Volvic,67,Volvic#67
Cavaillon,68,Cavaillon#68
Monteux,68,Monteux#68
Bretigny,68,Bretigny#68
Macon,68,Macon#68
Rennes,68,Rennes#68
Rumilly,68,Rumilly#68
Santes,68,Santes#68
Vinay,68,Vinay#68
StQuentinChesnes,68,StQuentinChesnes#68
StQuentinTotem,68,StQuentinTotem#68
Badoit,68,Badoit#68
Amberieu,68,Amberieu#68
Evian,68,Evian#68
Salvetat,68,Salvetat#68
Volvic,68,Volvic#68
Corbas,68,Corbas#68
Cavaillon,69,Cavaillon#69
Monteux,69,Monteux#69
Rumilly,69,Rumilly#69
Macon,69,Macon#69
Rennes,69,Rennes#69
Corbas,69,Corbas#69
Bretigny,69,Bretigny#69
StQuentinChesnes,69,StQuentinChesnes#69
StQuentinTotem,69,StQuentinTotem#69
Badoit,69,Badoit#69
Amberieu,69,Amberieu#69
Evian,69,Evian#69
Volvic,69,Volvic#69
Salvetat,69,Salvetat#69
Vinay,69,Vinay#69
Amberieu,71,Amberieu#71
Badoit,71,Badoit#71
Volvic,71,Volvic#71
Evian,71,Evian#71
Rumilly,71,Rumilly#71
Macon,72,Macon#72
Rumilly,72,Rumilly#72
StQuentinChesnes,72,StQuentinChesnes#72
StQuentinTotem,72,StQuentinTotem#72
Amberieu,72,Amberieu#72
Corbas,72,Corbas#72
Rennes,72,Rennes#72
Badoit,72,Badoit#72
Evian,72,Evian#72
Salvetat,72,Salvetat#72
Volvic,72,Volvic#72
Bretigny,72,Bretigny#72
Macon,74,Macon#74
Salvetat,74,Salvetat#74
StQuentinChesnes,74,StQuentinChesnes#74
StQuentinTotem,74,StQuentinTotem#74
Corbas,74,Corbas#74
Volvic,74,Volvic#74
Bretigny,74,Bretigny#74
Amberieu,74,Amberieu#74
Badoit,74,Badoit#74
Evian,74,Evian#74
Rumilly,74,Rumilly#74
Bretigny,75,Bretigny#75
Amberieu,76,Amberieu#76
Badoit,76,Badoit#76
Bretigny,76,Bretigny#76
Rennes,76,Rennes#76
Evian,76,Evian#76
Salvetat,76,Salvetat#76
Volvic,76,Volvic#76
Cavaillon,77,Cavaillon#77
Macon,77,Macon#77
Monteux,77,Monteux#77
StQuentinChesnes,77,StQuentinChesnes#77
Vinay,77,Vinay#77
StQuentinTotem,77,StQuentinTotem#77
Santes,77,Santes#77
Rumilly,77,Rumilly#77
Amberieu,77,Amberieu#77
Rennes,77,Rennes#77
Badoit,77,Badoit#77
Salvetat,77,Salvetat#77
Evian,77,Evian#77
Volvic,77,Volvic#77
Bretigny,77,Bretigny#77
Corbas,77,Corbas#77
StQuentinChesnes,78,StQuentinChesnes#78
StQuentinTotem,78,StQuentinTotem#78
Macon,78,Macon#78
Amberieu,78,Amberieu#78
Rumilly,78,Rumilly#78
Santes,78,Santes#78
Badoit,78,Badoit#78
Rennes,78,Rennes#78
Salvetat,78,Salvetat#78
Bretigny,78,Bretigny#78
Volvic,78,Volvic#78
Evian,78,Evian#78
StQuentinChesnes,79,StQuentinChesnes#79
StQuentinTotem,79,StQuentinTotem#79
Grisolles,79,Grisolles#79
Macon,79,Macon#79
Rennes,79,Rennes#79
Amberieu,79,Amberieu#79
Rumilly,79,Rumilly#79
Salvetat,79,Salvetat#79
Volvic,79,Volvic#79
Bretigny,79,Bretigny#79
Evian,79,Evian#79
Badoit,79,Badoit#79
Corbas,79,Corbas#79
StQuentinChesnes,80,StQuentinChesnes#80
StQuentinTotem,80,StQuentinTotem#80
Amberieu,80,Amberieu#80
Macon,80,Macon#80
Rumilly,80,Rumilly#80
Salvetat,80,Salvetat#80
Evian,80,Evian#80
Badoit,80,Badoit#80
Bretigny,80,Bretigny#80
Volvic,80,Volvic#80
Rennes,80,Rennes#80
Corbas,82,Corbas#82
Bretigny,82,Bretigny#82
Macon,82,Macon#82
Rumilly,82,Rumilly#82
StQuentinChesnes,82,StQuentinChesnes#82
StQuentinTotem,82,StQuentinTotem#82
Evian,82,Evian#82
Amberieu,82,Amberieu#82
Grisolles,82,Grisolles#82
Badoit,82,Badoit#82
Volvic,82,Volvic#82
Salvetat,82,Salvetat#82
Rennes,82,Rennes#82
Bretigny,83,Bretigny#83
Corbas,83,Corbas#83
Cavaillon,83,Cavaillon#83
Monteux,83,Monteux#83
Rumilly,83,Rumilly#83
StQuentinChesnes,83,StQuentinChesnes#83
StQuentinTotem,83,StQuentinTotem#83
Macon,83,Macon#83
Badoit,83,Badoit#83
Evian,83,Evian#83
Amberieu,83,Amberieu#83
Volvic,83,Volvic#83
Salvetat,83,Salvetat#83
Macon,84,Macon#84
Rumilly,84,Rumilly#84
StQuentinChesnes,84,StQuentinChesnes#84
StQuentinTotem,84,StQuentinTotem#84
Cavaillon,84,Cavaillon#84
Monteux,84,Monteux#84
Volvic,84,Volvic#84
Evian,84,Evian#84
Salvetat,84,Salvetat#84
Amberieu,84,Amberieu#84
Badoit,84,Badoit#84
Corbas,84,Corbas#84
Amberieu,85,Amberieu#85
Badoit,85,Badoit#85
Corbas,85,Corbas#85
Macon,85,Macon#85
Rumilly,85,Rumilly#85
StQuentinChesnes,85,StQuentinChesnes#85
StQuentinTotem,85,StQuentinTotem#85
Bretigny,85,Bretigny#85
Grisolles,85,Grisolles#85
Salvetat,85,Salvetat#85
Volvic,85,Volvic#85
Evian,85,Evian#85
Rumilly,86,Rumilly#86
Badoit,86,Badoit#86
Bretigny,86,Bretigny#86
Cavaillon,86,Cavaillon#86
Macon,86,Macon#86
Monteux,86,Monteux#86
StQuentinChesnes,86,StQuentinChesnes#86
StQuentinTotem,86,StQuentinTotem#86
Corbas,86,Corbas#86
Grisolles,86,Grisolles#86
Volvic,86,Volvic#86
Evian,86,Evian#86
Salvetat,86,Salvetat#86
Amberieu,86,Amberieu#86
Salvetat,87,Salvetat#87
Volvic,87,Volvic#87
Amberieu,87,Amberieu#87
Badoit,87,Badoit#87
Evian,87,Evian#87
StQuentinChesnes,87,StQuentinChesnes#87
StQuentinTotem,87,StQuentinTotem#87
StQuentinChesnes,89,StQuentinChesnes#89
StQuentinTotem,89,StQuentinTotem#89
Bretigny,89,Bretigny#89
Volvic,89,Volvic#89
Amberieu,89,Amberieu#89
Evian,89,Evian#89
Salvetat,89,Salvetat#89
Badoit,89,Badoit#89
Corbas,89,Corbas#89
Macon,89,Macon#89
Corbas,91,Corbas#91
Cavaillon,91,Cavaillon#91
Macon,91,Macon#91
Monteux,91,Monteux#91
Santes,91,Santes#91
StQuentinChesnes,91,StQuentinChesnes#91
StQuentinTotem,91,StQuentinTotem#91
Rennes,91,Rennes#91
Rumilly,91,Rumilly#91
Amberieu,91,Amberieu#91
Salvetat,91,Salvetat#91
Badoit,91,Badoit#91
Evian,91,Evian#91
Volvic,91,Volvic#91
Bretigny,91,Bretigny#91
Bretigny,92,Bretigny#92
Evian,92,Evian#92
Volvic,92,Volvic#92
Rumilly,92,Rumilly#92
Bretigny,93,Bretigny#93
Evian,93,Evian#93
Rumilly,93,Rumilly#93
Volvic,93,Volvic#93
Amberieu,93,Amberieu#93
Badoit,93,Badoit#93
Rumilly,94,Rumilly#94
StQuentinChesnes,94,StQuentinChesnes#94
StQuentinTotem,94,StQuentinTotem#94
Macon,94,Macon#94
Santes,94,Santes#94
Amberieu,94,Amberieu#94
Rennes,94,Rennes#94
Badoit,94,Badoit#94
Salvetat,94,Salvetat#94
Evian,94,Evian#94
Volvic,94,Volvic#94
Bretigny,94,Bretigny#94
Corbas,94,Corbas#94
StQuentinChesnes,95,StQuentinChesnes#95
StQuentinTotem,95,StQuentinTotem#95
Amberieu,95,Amberieu#95
Rennes,95,Rennes#95
Rumilly,95,Rumilly#95
Badoit,95,Badoit#95
Evian,95,Evian#95
Salvetat,95,Salvetat#95
Volvic,95,Volvic#95
Bretigny,95,Bretigny#95
Corbas,95,Corbas#95
Macon,95,Macon#95
Santes,95,Santes#95
Volvic,54390,Volvic#54390
Volvic,57150,Volvic#57150
Volvic,57280,Volvic#57280
Volvic,57800,Volvic#57800
Volvic,67118,Volvic#67118
Volvic,67150,Volvic#67150
Volvic,67300,Volvic#67300
Volvic,67620,Volvic#67620
Volvic,Aigle,Volvic#Aigle
Evian,Aigle,Evian#Aigle
Fos,Amberieu,Fos#Amberieu
StQuentinChesnes,Amberieu,StQuentinChesnes#Amberieu
Vinay,Amberieu,Vinay#Amberieu
StQuentinTotem,Amberieu,StQuentinTotem#Amberieu
Bretigny,Amberieu,Bretigny#Amberieu
Salvetat,Amberieu,Salvetat#Amberieu
Evian,Amberieu,Evian#Amberieu
Volvic,Amberieu,Volvic#Amberieu
Badoit,Amberieu,Badoit#Amberieu
Corbas,Amberieu,Corbas#Amberieu
Macon,Amberieu,Macon#Amberieu
Ostende,Amberieu,Ostende#Amberieu
Fos,Anvers,Fos#Anvers
Macon,Anvers,Macon#Anvers
Bretigny,Anvers,Bretigny#Anvers
Vinay,Anvers,Vinay#Anvers
Rumilly,Anvers,Rumilly#Anvers
Amberieu,Anvers,Amberieu#Anvers
Badoit,Anvers,Badoit#Anvers
Evian,Anvers,Evian#Anvers
Volvic,Anvers,Volvic#Anvers
Thionville,Anvers,Thionville#Anvers
Bretigny,Badoit,Bretigny#Badoit
Amberieu,Badoit,Amberieu#Badoit
Vinay,Bretigny,Vinay#Bretigny
Amberieu,Bretigny,Amberieu#Bretigny
Badoit,Bretigny,Badoit#Bretigny
Salvetat,Bretigny,Salvetat#Bretigny
Volvic,Bretigny,Volvic#Bretigny
Evian,Bretigny,Evian#Bretigny
Ostende,Bretigny,Ostende#Bretigny
Thionville,Bretigny,Thionville#Bretigny
Badoit,Cavaillon,Badoit#Cavaillon
Amberieu,Cavaillon,Amberieu#Cavaillon
Evian,Cavaillon,Evian#Cavaillon
Volvic,Cavaillon,Volvic#Cavaillon
Salvetat,Cavaillon,Salvetat#Cavaillon
Badoit,Corbas,Badoit#Corbas
Amberieu,Corbas,Amberieu#Corbas
Salvetat,Corbas,Salvetat#Corbas
Evian,Corbas,Evian#Corbas
Rumilly,Duisburg,Rumilly#Duisburg
Evian,Duisburg,Evian#Duisburg
Volvic,Duisburg,Volvic#Duisburg
Badoit,Duisburg,Badoit#Duisburg
Bretigny,Evian,Bretigny#Evian
Amberieu,Evian,Amberieu#Evian
Thionville,Evian,Thionville#Evian
Rumilly,Fos,Rumilly#Fos
Vinay,Fos,Vinay#Fos
Amberieu,Fos,Amberieu#Fos
Macon,Fos,Macon#Fos
Volvic,Fos,Volvic#Fos
Badoit,Fos,Badoit#Fos
Evian,Fos,Evian#Fos
Ostende,Fos,Ostende#Fos
Badoit,Grisolles,Badoit#Grisolles
Evian,Grisolles,Evian#Grisolles
Salvetat,Grisolles,Salvetat#Grisolles
Volvic,Grisolles,Volvic#Grisolles
Volvic,LduAllemagne,Volvic#LduAllemagne
Amberieu,Macon,Amberieu#Macon
Evian,Macon,Evian#Macon
Salvetat,Macon,Salvetat#Macon
Volvic,Macon,Volvic#Macon
Badoit,Macon,Badoit#Macon
Badoit,Monteux,Badoit#Monteux
Amberieu,Monteux,Amberieu#Monteux
Evian,Monteux,Evian#Monteux
Volvic,Monteux,Volvic#Monteux
Salvetat,Monteux,Salvetat#Monteux
Vinay,Ostende,Vinay#Ostende
Volvic,Ostende,Volvic#Ostende
Thionville,Ostende,Thionville#Ostende
Fos,Ostende,Fos#Ostende
Macon,Ostende,Macon#Ostende
Badoit,Ostende,Badoit#Ostende
Bretigny,Ostende,Bretigny#Ostende
Amberieu,Ostende,Amberieu#Ostende
Rumilly,Ostende,Rumilly#Ostende
Evian,Ostende,Evian#Ostende
Evian,Rennes,Evian#Rennes
Salvetat,Rennes,Salvetat#Rennes
Volvic,Rennes,Volvic#Rennes
Badoit,Rennes,Badoit#Rennes
Rumilly,Rugby,Rumilly#Rugby
Vinay,Rugby,Vinay#Rugby
Amberieu,Rugby,Amberieu#Rugby
Bretigny,Rugby,Bretigny#Rugby
Badoit,Rugby,Badoit#Rugby
Volvic,Rugby,Volvic#Rugby
Evian,Rugby,Evian#Rugby
Badoit,Santes,Badoit#Santes
Bretigny,Santes,Bretigny#Santes
Rumilly,Santes,Rumilly#Santes
Amberieu,Santes,Amberieu#Santes
Evian,Santes,Evian#Santes
Volvic,Santes,Volvic#Santes
Amberieu,StQuentinChesnes,Amberieu#StQuentinChesnes
Bretigny,StQuentinChesnes,Bretigny#StQuentinChesnes
Volvic,StQuentinChesnes,Volvic#StQuentinChesnes
Badoit,StQuentinChesnes,Badoit#StQuentinChesnes
Salvetat,StQuentinChesnes,Salvetat#StQuentinChesnes
Evian,StQuentinChesnes,Evian#StQuentinChesnes
Amberieu,StQuentinTotem,Amberieu#StQuentinTotem
Bretigny,StQuentinTotem,Bretigny#StQuentinTotem
Volvic,StQuentinTotem,Volvic#StQuentinTotem
Badoit,StQuentinTotem,Badoit#StQuentinTotem
Salvetat,StQuentinTotem,Salvetat#StQuentinTotem
Evian,StQuentinTotem,Evian#StQuentinTotem
Volvic,SuryLeComtal,Volvic#SuryLeComtal
Badoit,SuryLeComtal,Badoit#SuryLeComtal
Amberieu,Thionville,Amberieu#Thionville
Badoit,Thionville,Badoit#Thionville
Bretigny,Thionville,Bretigny#Thionville
Rumilly,Thionville,Rumilly#Thionville
Volvic,Thionville,Volvic#Thionville
Evian,Thionville,Evian#Thionville
Ostende,Thionville,Ostende#Thionville
Amberieu,Vinay,Amberieu#Vinay
Badoit,Vinay,Badoit#Vinay
Evian,Vinay,Evian#Vinay
Bretigny,Vinay,Bretigny#Vinay
Ostende,Vinay,Ostende#Vinay
Salvetat,Vinay,Salvetat#Vinay
Volvic,Vinay,Volvic#Vinay
Badoit,Worms,Badoit#Worms
Rumilly,Worms,Rumilly#Worms
Evian,Worms,Evian#Worms
Volvic,Worms,Volvic#Worms
Amberieu,Zeebrugge,Amberieu#Zeebrugge
Vinay,Zeebrugge,Vinay#Zeebrugge
Bretigny,Zeebrugge,Bretigny#Zeebrugge
Rumilly,Zeebrugge,Rumilly#Zeebrugge
Badoit,Zeebrugge,Badoit#Zeebrugge
Volvic,Zeebrugge,Volvic#Zeebrugge
Evian,Zeebrugge,Evian#Zeebrugge
Evian,Hub,Evian#Hub
Hub,Amberieu,Hub#Amberieu
Hub,Bretigny,Hub#Bretigny
Hub,Fos,Hub#Fos
Hub,Macon,Hub#Macon
Hub,Santes,Hub#Santes
Hub,Anvers,Hub#Anvers
Hub,Rugby,Hub#Rugby
Hub,Zeebrugge,Hub#Zeebrugge
Hub,Duisburg,Hub#Duisburg
Hub,Worms,Hub#Worms
EvianProd,Evian,EvianProd#Evian
BadoitProd,Badoit,BadoitProd#Badoit
SalvetatProd,Salvetat,SalvetatProd#Salvetat
VolvicProd,Volvic,VolvicProd#Volvic
Evian,EvianStock,Evian#EvianStock
Volvic,VolvicStock,Volvic#VolvicStock
Badoit,BadoitStock,Badoit#BadoitStock
Salvetat,SalvetatStock,Salvetat#SalvetatStock
Amberieu,AmberieuStock,Amberieu#AmberieuStock
Bretigny,BretignyStock,Bretigny#BretignyStock
StQuentinChesnes,StQuentinChesnesStock,StQuentinChesnes#StQuentinChesnesStock
StQuentinTotem,StQuentinTotemStock,StQuentinTotem#StQuentinTotemStock
Monteux,MonteuxStock,Monteux#MonteuxStock
Cavaillon,CavaillonStock,Cavaillon#CavaillonStock
Rennes,RennesStock,Rennes#RennesStock
Corbas,CorbasStock,Corbas#CorbasStock
Grisolles,GrisollesStock,Grisolles#GrisollesStock
Vinay,VinayStock,Vinay#VinayStock
SuryLeComtal,SuryLeComtalStock,SuryLeComtal#SuryLeComtalStock
Rumilly,RumillyStock,Rumilly#RumillyStock
Macon,MaconStock,Macon#MaconStock
Fos,FosStock,Fos#FosStock
Santes,SantesStock,Santes#SantesStock
Hub,HubStock,Hub#HubStock
